{"cameraMode":{"drawMode":0,"name":"Shaded","section":"Shading Mode"},"sceneLighting":false,"audioPlay":false,"sceneViewState":{"showFog":true,"showMaterialUpdate":false,"showSkybox":false,"showFlares":true,"showImageEffects":true,"showParticleSystems":true},"in2DMode":false,"pivot":{"x":2.1048145294189455,"y":-0.9733718633651733,"z":11.304176330566407},"rotation":{"x":0.011501514352858067,"y":-0.9567654728889465,"z":0.2881178855895996,"w":0.03819337114691734},"size":2.1247448921203615,"orthographic":false}