{"cameraMode":{"drawMode":0,"name":"Shaded","section":"Shading Mode"},"sceneLighting":true,"audioPlay":false,"sceneViewState":{"showFog":true,"showMaterialUpdate":false,"showSkybox":false,"showFlares":true,"showImageEffects":true,"showParticleSystems":true},"in2DMode":false,"pivot":{"x":1.3881535530090333,"y":-5.485019683837891,"z":2.7015819549560549},"rotation":{"x":-0.25148987770080569,"y":-0.3705941438674927,"z":0.10495443642139435,"w":-0.887926459312439},"size":11.701748847961426,"orthographic":false}