{"cameraMode":{"drawMode":0,"name":"Shaded","section":"Shading Mode"},"sceneLighting":true,"audioPlay":false,"sceneViewState":{"showFog":true,"showMaterialUpdate":false,"showSkybox":false,"showFlares":true,"showImageEffects":true,"showParticleSystems":true},"in2DMode":false,"pivot":{"x":1.9969041347503663,"y":-3.385045289993286,"z":4.654560089111328},"rotation":{"x":0.15350477397441865,"y":0.6341212391853333,"z":-0.13042449951171876,"w":0.7465918660163879},"size":8.285455703735352,"orthographic":false}