{"cameraMode":{"drawMode":0,"name":"Shaded","section":"Shading Mode"},"sceneLighting":false,"audioPlay":false,"sceneViewState":{"showFog":true,"showMaterialUpdate":false,"showSkybox":false,"showFlares":true,"showImageEffects":true,"showParticleSystems":true},"in2DMode":false,"pivot":{"x":0.43823468685150149,"y":0.06175541877746582,"z":-0.05068635940551758},"rotation":{"x":0.012545451521873474,"y":0.9500201344490051,"z":0.03849613294005394,"w":-0.3095623850822449},"size":0.19383913278579713,"orthographic":false}