{"cameraMode":{"drawMode":0,"name":"Shaded","section":"Shading Mode"},"sceneLighting":true,"audioPlay":false,"sceneViewState":{"showFog":true,"showMaterialUpdate":false,"showSkybox":false,"showFlares":true,"showImageEffects":true,"showParticleSystems":true},"in2DMode":false,"pivot":{"x":-8.823521614074707,"y":-3.7692482471466066,"z":13.739250183105469},"rotation":{"x":-0.14882558584213258,"y":0.08947129547595978,"z":-0.013531729578971863,"w":-0.9847227334976196},"size":11.634786605834961,"orthographic":false}